EDU,District_1,WHITE,5951,ALL
EDU,District_1,WHITE,1189,NO_HS_GRAD
EDU,District_1,WHITE,2154,HS_GRAD
EDU,District_1,WHITE,1503,SOME_COLL
EDU,District_1,WHITE,1105,COLL_BACH_OR_GREATER
EDU,District_1,AFAM,6478,ALL
EDU,District_1,AFAM,990,NO_HS_GRAD
EDU,District_1,AFAM,1778,HS_GRAD
EDU,District_1,AFAM,1888,SOME_COLL
EDU,District_1,AFAM,1822,COLL_BACH_OR_GREATER
EDU,District_1,AMERIND,0,ALL
EDU,District_1,AMERIND,0,NO_HS_GRAD
EDU,District_1,AMERIND,0,HS_GRAD
EDU,District_1,AMERIND,0,SOME_COLL
EDU,District_1,AMERIND,0,COLL_BACH_OR_GREATER
EDU,District_1,ASIAN,95,ALL
EDU,District_1,ASIAN,22,NO_HS_GRAD
EDU,District_1,ASIAN,2,HS_GRAD
EDU,District_1,ASIAN,38,SOME_COLL
EDU,District_1,ASIAN,33,COLL_BACH_OR_GREATER
EDU,District_1,PACISL,0,ALL
EDU,District_1,PACISL,0,NO_HS_GRAD
EDU,District_1,PACISL,0,HS_GRAD
EDU,District_1,PACISL,0,SOME_COLL
EDU,District_1,PACISL,0,COLL_BACH_OR_GREATER
EDU,District_1,OTHER,0,ALL
EDU,District_1,OTHER,0,NO_HS_GRAD
EDU,District_1,OTHER,0,HS_GRAD
EDU,District_1,OTHER,0,SOME_COLL
EDU,District_1,OTHER,0,COLL_BACH_OR_GREATER
EDU,District_1,MIXED,31,ALL
EDU,District_1,MIXED,0,NO_HS_GRAD
EDU,District_1,MIXED,23,HS_GRAD
EDU,District_1,MIXED,0,SOME_COLL
EDU,District_1,MIXED,8,COLL_BACH_OR_GREATER
EDU,District_2,WHITE,1070,ALL
EDU,District_2,WHITE,265,NO_HS_GRAD
EDU,District_2,WHITE,459,HS_GRAD
EDU,District_2,WHITE,288,SOME_COLL
EDU,District_2,WHITE,58,COLL_BACH_OR_GREATER
EDU,District_2,AFAM,7909,ALL
EDU,District_2,AFAM,1427,NO_HS_GRAD
EDU,District_2,AFAM,2281,HS_GRAD
EDU,District_2,AFAM,2629,SOME_COLL
EDU,District_2,AFAM,1572,COLL_BACH_OR_GREATER
EDU,District_2,AMERIND,37,ALL
EDU,District_2,AMERIND,13,NO_HS_GRAD
EDU,District_2,AMERIND,17,HS_GRAD
EDU,District_2,AMERIND,7,SOME_COLL
EDU,District_2,AMERIND,0,COLL_BACH_OR_GREATER
EDU,District_2,ASIAN,0,ALL
EDU,District_2,ASIAN,0,NO_HS_GRAD
EDU,District_2,ASIAN,0,HS_GRAD
EDU,District_2,ASIAN,0,SOME_COLL
EDU,District_2,ASIAN,0,COLL_BACH_OR_GREATER
EDU,District_2,PACISL,0,ALL
EDU,District_2,PACISL,0,NO_HS_GRAD
EDU,District_2,PACISL,0,HS_GRAD
EDU,District_2,PACISL,0,SOME_COLL
EDU,District_2,PACISL,0,COLL_BACH_OR_GREATER
EDU,District_2,OTHER,52,ALL
EDU,District_2,OTHER,18,NO_HS_GRAD
EDU,District_2,OTHER,34,HS_GRAD
EDU,District_2,OTHER,0,SOME_COLL
EDU,District_2,OTHER,0,COLL_BACH_OR_GREATER
EDU,District_2,MIXED,109,ALL
EDU,District_2,MIXED,0,NO_HS_GRAD
EDU,District_2,MIXED,67,HS_GRAD
EDU,District_2,MIXED,42,SOME_COLL
EDU,District_2,MIXED,0,COLL_BACH_OR_GREATER
EDU,District_3,WHITE,4762,ALL
EDU,District_3,WHITE,1064,NO_HS_GRAD
EDU,District_3,WHITE,1650,HS_GRAD
EDU,District_3,WHITE,1150,SOME_COLL
EDU,District_3,WHITE,898,COLL_BACH_OR_GREATER
EDU,District_3,AFAM,6244,ALL
EDU,District_3,AFAM,971,NO_HS_GRAD
EDU,District_3,AFAM,2023,HS_GRAD
EDU,District_3,AFAM,2059,SOME_COLL
EDU,District_3,AFAM,1191,COLL_BACH_OR_GREATER
EDU,District_3,AMERIND,54,ALL
EDU,District_3,AMERIND,0,NO_HS_GRAD
EDU,District_3,AMERIND,22,HS_GRAD
EDU,District_3,AMERIND,32,SOME_COLL
EDU,District_3,AMERIND,0,COLL_BACH_OR_GREATER
EDU,District_3,ASIAN,55,ALL
EDU,District_3,ASIAN,1,NO_HS_GRAD
EDU,District_3,ASIAN,3,HS_GRAD
EDU,District_3,ASIAN,17,SOME_COLL
EDU,District_3,ASIAN,34,COLL_BACH_OR_GREATER
EDU,District_3,PACISL,0,ALL
EDU,District_3,PACISL,0,NO_HS_GRAD
EDU,District_3,PACISL,0,HS_GRAD
EDU,District_3,PACISL,0,SOME_COLL
EDU,District_3,PACISL,0,COLL_BACH_OR_GREATER
EDU,District_3,OTHER,5,ALL
EDU,District_3,OTHER,0,NO_HS_GRAD
EDU,District_3,OTHER,0,HS_GRAD
EDU,District_3,OTHER,5,SOME_COLL
EDU,District_3,OTHER,0,COLL_BACH_OR_GREATER
EDU,District_3,MIXED,60,ALL
EDU,District_3,MIXED,0,NO_HS_GRAD
EDU,District_3,MIXED,31,HS_GRAD
EDU,District_3,MIXED,0,SOME_COLL
EDU,District_3,MIXED,29,COLL_BACH_OR_GREATER
EDU,District_4,WHITE,7576,ALL
EDU,District_4,WHITE,1600,NO_HS_GRAD
EDU,District_4,WHITE,2694,HS_GRAD
EDU,District_4,WHITE,2181,SOME_COLL
EDU,District_4,WHITE,1101,COLL_BACH_OR_GREATER
EDU,District_4,AFAM,3520,ALL
EDU,District_4,AFAM,220,NO_HS_GRAD
EDU,District_4,AFAM,1137,HS_GRAD
EDU,District_4,AFAM,1330,SOME_COLL
EDU,District_4,AFAM,833,COLL_BACH_OR_GREATER
EDU,District_4,AMERIND,59,ALL
EDU,District_4,AMERIND,8,NO_HS_GRAD
EDU,District_4,AMERIND,7,HS_GRAD
EDU,District_4,AMERIND,12,SOME_COLL
EDU,District_4,AMERIND,32,COLL_BACH_OR_GREATER
EDU,District_4,ASIAN,46,ALL
EDU,District_4,ASIAN,19,NO_HS_GRAD
EDU,District_4,ASIAN,0,HS_GRAD
EDU,District_4,ASIAN,20,SOME_COLL
EDU,District_4,ASIAN,7,COLL_BACH_OR_GREATER
EDU,District_4,PACISL,0,ALL
EDU,District_4,PACISL,0,NO_HS_GRAD
EDU,District_4,PACISL,0,HS_GRAD
EDU,District_4,PACISL,0,SOME_COLL
EDU,District_4,PACISL,0,COLL_BACH_OR_GREATER
EDU,District_4,OTHER,299,ALL
EDU,District_4,OTHER,50,NO_HS_GRAD
EDU,District_4,OTHER,182,HS_GRAD
EDU,District_4,OTHER,47,SOME_COLL
EDU,District_4,OTHER,20,COLL_BACH_OR_GREATER
EDU,District_4,MIXED,96,ALL
EDU,District_4,MIXED,8,NO_HS_GRAD
EDU,District_4,MIXED,23,HS_GRAD
EDU,District_4,MIXED,59,SOME_COLL
EDU,District_4,MIXED,6,COLL_BACH_OR_GREATER
EDU,District_5,WHITE,3332,ALL
EDU,District_5,WHITE,1014,NO_HS_GRAD
EDU,District_5,WHITE,1116,HS_GRAD
EDU,District_5,WHITE,447,SOME_COLL
EDU,District_5,WHITE,755,COLL_BACH_OR_GREATER
EDU,District_5,AFAM,4428,ALL
EDU,District_5,AFAM,1193,NO_HS_GRAD
EDU,District_5,AFAM,1530,HS_GRAD
EDU,District_5,AFAM,1316,SOME_COLL
EDU,District_5,AFAM,389,COLL_BACH_OR_GREATER
EDU,District_5,AMERIND,82,ALL
EDU,District_5,AMERIND,7,NO_HS_GRAD
EDU,District_5,AMERIND,34,HS_GRAD
EDU,District_5,AMERIND,0,SOME_COLL
EDU,District_5,AMERIND,41,COLL_BACH_OR_GREATER
EDU,District_5,ASIAN,139,ALL
EDU,District_5,ASIAN,94,NO_HS_GRAD
EDU,District_5,ASIAN,12,HS_GRAD
EDU,District_5,ASIAN,0,SOME_COLL
EDU,District_5,ASIAN,33,COLL_BACH_OR_GREATER
EDU,District_5,PACISL,0,ALL
EDU,District_5,PACISL,0,NO_HS_GRAD
EDU,District_5,PACISL,0,HS_GRAD
EDU,District_5,PACISL,0,SOME_COLL
EDU,District_5,PACISL,0,COLL_BACH_OR_GREATER
EDU,District_5,OTHER,232,ALL
EDU,District_5,OTHER,232,NO_HS_GRAD
EDU,District_5,OTHER,0,HS_GRAD
EDU,District_5,OTHER,0,SOME_COLL
EDU,District_5,OTHER,0,COLL_BACH_OR_GREATER
EDU,District_5,MIXED,41,ALL
EDU,District_5,MIXED,0,NO_HS_GRAD
EDU,District_5,MIXED,24,HS_GRAD
EDU,District_5,MIXED,0,SOME_COLL
EDU,District_5,MIXED,17,COLL_BACH_OR_GREATER
EDU,District_6,WHITE,6469,ALL
EDU,District_6,WHITE,604,NO_HS_GRAD
EDU,District_6,WHITE,1072,HS_GRAD
EDU,District_6,WHITE,1727,SOME_COLL
EDU,District_6,WHITE,3066,COLL_BACH_OR_GREATER
EDU,District_6,AFAM,3194,ALL
EDU,District_6,AFAM,1179,NO_HS_GRAD
EDU,District_6,AFAM,1095,HS_GRAD
EDU,District_6,AFAM,648,SOME_COLL
EDU,District_6,AFAM,272,COLL_BACH_OR_GREATER
EDU,District_6,AMERIND,60,ALL
EDU,District_6,AMERIND,9,NO_HS_GRAD
EDU,District_6,AMERIND,31,HS_GRAD
EDU,District_6,AMERIND,20,SOME_COLL
EDU,District_6,AMERIND,0,COLL_BACH_OR_GREATER
EDU,District_6,ASIAN,113,ALL
EDU,District_6,ASIAN,5,NO_HS_GRAD
EDU,District_6,ASIAN,0,HS_GRAD
EDU,District_6,ASIAN,7,SOME_COLL
EDU,District_6,ASIAN,101,COLL_BACH_OR_GREATER
EDU,District_6,PACISL,0,ALL
EDU,District_6,PACISL,0,NO_HS_GRAD
EDU,District_6,PACISL,0,HS_GRAD
EDU,District_6,PACISL,0,SOME_COLL
EDU,District_6,PACISL,0,COLL_BACH_OR_GREATER
EDU,District_6,OTHER,101,ALL
EDU,District_6,OTHER,9,NO_HS_GRAD
EDU,District_6,OTHER,63,HS_GRAD
EDU,District_6,OTHER,0,SOME_COLL
EDU,District_6,OTHER,29,COLL_BACH_OR_GREATER
EDU,District_6,MIXED,113,ALL
EDU,District_6,MIXED,18,NO_HS_GRAD
EDU,District_6,MIXED,23,HS_GRAD
EDU,District_6,MIXED,25,SOME_COLL
EDU,District_6,MIXED,47,COLL_BACH_OR_GREATER
EDU,District_7,WHITE,6027,ALL
EDU,District_7,WHITE,1178,NO_HS_GRAD
EDU,District_7,WHITE,1765,HS_GRAD
EDU,District_7,WHITE,1383,SOME_COLL
EDU,District_7,WHITE,1701,COLL_BACH_OR_GREATER
EDU,District_7,AFAM,3921,ALL
EDU,District_7,AFAM,904,NO_HS_GRAD
EDU,District_7,AFAM,1242,HS_GRAD
EDU,District_7,AFAM,1276,SOME_COLL
EDU,District_7,AFAM,499,COLL_BACH_OR_GREATER
EDU,District_7,AMERIND,32,ALL
EDU,District_7,AMERIND,20,NO_HS_GRAD
EDU,District_7,AMERIND,0,HS_GRAD
EDU,District_7,AMERIND,12,SOME_COLL
EDU,District_7,AMERIND,0,COLL_BACH_OR_GREATER
EDU,District_7,ASIAN,39,ALL
EDU,District_7,ASIAN,0,NO_HS_GRAD
EDU,District_7,ASIAN,0,HS_GRAD
EDU,District_7,ASIAN,7,SOME_COLL
EDU,District_7,ASIAN,32,COLL_BACH_OR_GREATER
EDU,District_7,PACISL,0,ALL
EDU,District_7,PACISL,0,NO_HS_GRAD
EDU,District_7,PACISL,0,HS_GRAD
EDU,District_7,PACISL,0,SOME_COLL
EDU,District_7,PACISL,0,COLL_BACH_OR_GREATER
EDU,District_7,OTHER,169,ALL
EDU,District_7,OTHER,76,NO_HS_GRAD
EDU,District_7,OTHER,67,HS_GRAD
EDU,District_7,OTHER,8,SOME_COLL
EDU,District_7,OTHER,18,COLL_BACH_OR_GREATER
EDU,District_7,MIXED,140,ALL
EDU,District_7,MIXED,49,NO_HS_GRAD
EDU,District_7,MIXED,38,HS_GRAD
EDU,District_7,MIXED,27,SOME_COLL
EDU,District_7,MIXED,26,COLL_BACH_OR_GREATER
EDU,District_8,WHITE,6948,ALL
EDU,District_8,WHITE,1028,NO_HS_GRAD
EDU,District_8,WHITE,1963,HS_GRAD
EDU,District_8,WHITE,1629,SOME_COLL
EDU,District_8,WHITE,2328,COLL_BACH_OR_GREATER
EDU,District_8,AFAM,2944,ALL
EDU,District_8,AFAM,751,NO_HS_GRAD
EDU,District_8,AFAM,1025,HS_GRAD
EDU,District_8,AFAM,736,SOME_COLL
EDU,District_8,AFAM,432,COLL_BACH_OR_GREATER
EDU,District_8,AMERIND,70,ALL
EDU,District_8,AMERIND,51,NO_HS_GRAD
EDU,District_8,AMERIND,0,HS_GRAD
EDU,District_8,AMERIND,11,SOME_COLL
EDU,District_8,AMERIND,8,COLL_BACH_OR_GREATER
EDU,District_8,ASIAN,230,ALL
EDU,District_8,ASIAN,126,NO_HS_GRAD
EDU,District_8,ASIAN,78,HS_GRAD
EDU,District_8,ASIAN,26,SOME_COLL
EDU,District_8,ASIAN,0,COLL_BACH_OR_GREATER
EDU,District_8,PACISL,10,ALL
EDU,District_8,PACISL,0,NO_HS_GRAD
EDU,District_8,PACISL,0,HS_GRAD
EDU,District_8,PACISL,10,SOME_COLL
EDU,District_8,PACISL,0,COLL_BACH_OR_GREATER
EDU,District_8,OTHER,507,ALL
EDU,District_8,OTHER,416,NO_HS_GRAD
EDU,District_8,OTHER,43,HS_GRAD
EDU,District_8,OTHER,39,SOME_COLL
EDU,District_8,OTHER,9,COLL_BACH_OR_GREATER
EDU,District_8,MIXED,70,ALL
EDU,District_8,MIXED,0,NO_HS_GRAD
EDU,District_8,MIXED,30,HS_GRAD
EDU,District_8,MIXED,33,SOME_COLL
EDU,District_8,MIXED,7,COLL_BACH_OR_GREATER
EDU,District_9,WHITE,7463,ALL
EDU,District_9,WHITE,2482,NO_HS_GRAD
EDU,District_9,WHITE,2901,HS_GRAD
EDU,District_9,WHITE,1315,SOME_COLL
EDU,District_9,WHITE,765,COLL_BACH_OR_GREATER
EDU,District_9,AFAM,2649,ALL
EDU,District_9,AFAM,440,NO_HS_GRAD
EDU,District_9,AFAM,761,HS_GRAD
EDU,District_9,AFAM,928,SOME_COLL
EDU,District_9,AFAM,520,COLL_BACH_OR_GREATER
EDU,District_9,AMERIND,9,ALL
EDU,District_9,AMERIND,0,NO_HS_GRAD
EDU,District_9,AMERIND,0,HS_GRAD
EDU,District_9,AMERIND,9,SOME_COLL
EDU,District_9,AMERIND,0,COLL_BACH_OR_GREATER
EDU,District_9,ASIAN,159,ALL
EDU,District_9,ASIAN,16,NO_HS_GRAD
EDU,District_9,ASIAN,45,HS_GRAD
EDU,District_9,ASIAN,28,SOME_COLL
EDU,District_9,ASIAN,70,COLL_BACH_OR_GREATER
EDU,District_9,PACISL,0,ALL
EDU,District_9,PACISL,0,NO_HS_GRAD
EDU,District_9,PACISL,0,HS_GRAD
EDU,District_9,PACISL,0,SOME_COLL
EDU,District_9,PACISL,0,COLL_BACH_OR_GREATER
EDU,District_9,OTHER,242,ALL
EDU,District_9,OTHER,72,NO_HS_GRAD
EDU,District_9,OTHER,148,HS_GRAD
EDU,District_9,OTHER,22,SOME_COLL
EDU,District_9,OTHER,0,COLL_BACH_OR_GREATER
EDU,District_9,MIXED,102,ALL
EDU,District_9,MIXED,45,NO_HS_GRAD
EDU,District_9,MIXED,40,HS_GRAD
EDU,District_9,MIXED,17,SOME_COLL
EDU,District_9,MIXED,0,COLL_BACH_OR_GREATER
EDU,District_10,WHITE,9264,ALL
EDU,District_10,WHITE,1504,NO_HS_GRAD
EDU,District_10,WHITE,3208,HS_GRAD
EDU,District_10,WHITE,2391,SOME_COLL
EDU,District_10,WHITE,2161,COLL_BACH_OR_GREATER
EDU,District_10,AFAM,2103,ALL
EDU,District_10,AFAM,264,NO_HS_GRAD
EDU,District_10,AFAM,555,HS_GRAD
EDU,District_10,AFAM,656,SOME_COLL
EDU,District_10,AFAM,628,COLL_BACH_OR_GREATER
EDU,District_10,AMERIND,12,ALL
EDU,District_10,AMERIND,12,NO_HS_GRAD
EDU,District_10,AMERIND,0,HS_GRAD
EDU,District_10,AMERIND,0,SOME_COLL
EDU,District_10,AMERIND,0,COLL_BACH_OR_GREATER
EDU,District_10,ASIAN,293,ALL
EDU,District_10,ASIAN,8,NO_HS_GRAD
EDU,District_10,ASIAN,232,HS_GRAD
EDU,District_10,ASIAN,7,SOME_COLL
EDU,District_10,ASIAN,46,COLL_BACH_OR_GREATER
EDU,District_10,PACISL,0,ALL
EDU,District_10,PACISL,0,NO_HS_GRAD
EDU,District_10,PACISL,0,HS_GRAD
EDU,District_10,PACISL,0,SOME_COLL
EDU,District_10,PACISL,0,COLL_BACH_OR_GREATER
EDU,District_10,OTHER,123,ALL
EDU,District_10,OTHER,77,NO_HS_GRAD
EDU,District_10,OTHER,20,HS_GRAD
EDU,District_10,OTHER,0,SOME_COLL
EDU,District_10,OTHER,26,COLL_BACH_OR_GREATER
EDU,District_10,MIXED,52,ALL
EDU,District_10,MIXED,18,NO_HS_GRAD
EDU,District_10,MIXED,15,HS_GRAD
EDU,District_10,MIXED,6,SOME_COLL
EDU,District_10,MIXED,13,COLL_BACH_OR_GREATER
EDU,District_11,WHITE,10719,ALL
EDU,District_11,WHITE,1561,NO_HS_GRAD
EDU,District_11,WHITE,3248,HS_GRAD
EDU,District_11,WHITE,3573,SOME_COLL
EDU,District_11,WHITE,2337,COLL_BACH_OR_GREATER
EDU,District_11,AFAM,833,ALL
EDU,District_11,AFAM,57,NO_HS_GRAD
EDU,District_11,AFAM,79,HS_GRAD
EDU,District_11,AFAM,333,SOME_COLL
EDU,District_11,AFAM,364,COLL_BACH_OR_GREATER
EDU,District_11,AMERIND,42,ALL
EDU,District_11,AMERIND,0,NO_HS_GRAD
EDU,District_11,AMERIND,18,HS_GRAD
EDU,District_11,AMERIND,16,SOME_COLL
EDU,District_11,AMERIND,8,COLL_BACH_OR_GREATER
EDU,District_11,ASIAN,72,ALL
EDU,District_11,ASIAN,0,NO_HS_GRAD
EDU,District_11,ASIAN,21,HS_GRAD
EDU,District_11,ASIAN,0,SOME_COLL
EDU,District_11,ASIAN,51,COLL_BACH_OR_GREATER
EDU,District_11,PACISL,0,ALL
EDU,District_11,PACISL,0,NO_HS_GRAD
EDU,District_11,PACISL,0,HS_GRAD
EDU,District_11,PACISL,0,SOME_COLL
EDU,District_11,PACISL,0,COLL_BACH_OR_GREATER
EDU,District_11,OTHER,224,ALL
EDU,District_11,OTHER,24,NO_HS_GRAD
EDU,District_11,OTHER,81,HS_GRAD
EDU,District_11,OTHER,74,SOME_COLL
EDU,District_11,OTHER,45,COLL_BACH_OR_GREATER
EDU,District_11,MIXED,96,ALL
EDU,District_11,MIXED,8,NO_HS_GRAD
EDU,District_11,MIXED,16,HS_GRAD
EDU,District_11,MIXED,48,SOME_COLL
EDU,District_11,MIXED,24,COLL_BACH_OR_GREATER
EDU,District_12,WHITE,11855,ALL
EDU,District_12,WHITE,661,NO_HS_GRAD
EDU,District_12,WHITE,3349,HS_GRAD
EDU,District_12,WHITE,3958,SOME_COLL
EDU,District_12,WHITE,3887,COLL_BACH_OR_GREATER
EDU,District_12,AFAM,2228,ALL
EDU,District_12,AFAM,212,NO_HS_GRAD
EDU,District_12,AFAM,535,HS_GRAD
EDU,District_12,AFAM,558,SOME_COLL
EDU,District_12,AFAM,923,COLL_BACH_OR_GREATER
EDU,District_12,AMERIND,61,ALL
EDU,District_12,AMERIND,0,NO_HS_GRAD
EDU,District_12,AMERIND,0,HS_GRAD
EDU,District_12,AMERIND,33,SOME_COLL
EDU,District_12,AMERIND,28,COLL_BACH_OR_GREATER
EDU,District_12,ASIAN,251,ALL
EDU,District_12,ASIAN,18,NO_HS_GRAD
EDU,District_12,ASIAN,52,HS_GRAD
EDU,District_12,ASIAN,11,SOME_COLL
EDU,District_12,ASIAN,170,COLL_BACH_OR_GREATER
EDU,District_12,PACISL,0,ALL
EDU,District_12,PACISL,0,NO_HS_GRAD
EDU,District_12,PACISL,0,HS_GRAD
EDU,District_12,PACISL,0,SOME_COLL
EDU,District_12,PACISL,0,COLL_BACH_OR_GREATER
EDU,District_12,OTHER,123,ALL
EDU,District_12,OTHER,46,NO_HS_GRAD
EDU,District_12,OTHER,36,HS_GRAD
EDU,District_12,OTHER,0,SOME_COLL
EDU,District_12,OTHER,41,COLL_BACH_OR_GREATER
EDU,District_12,MIXED,105,ALL
EDU,District_12,MIXED,0,NO_HS_GRAD
EDU,District_12,MIXED,52,HS_GRAD
EDU,District_12,MIXED,41,SOME_COLL
EDU,District_12,MIXED,12,COLL_BACH_OR_GREATER
EDU,District_13,WHITE,10257,ALL
EDU,District_13,WHITE,1851,NO_HS_GRAD
EDU,District_13,WHITE,2828,HS_GRAD
EDU,District_13,WHITE,2636,SOME_COLL
EDU,District_13,WHITE,2942,COLL_BACH_OR_GREATER
EDU,District_13,AFAM,2300,ALL
EDU,District_13,AFAM,404,NO_HS_GRAD
EDU,District_13,AFAM,526,HS_GRAD
EDU,District_13,AFAM,588,SOME_COLL
EDU,District_13,AFAM,782,COLL_BACH_OR_GREATER
EDU,District_13,AMERIND,26,ALL
EDU,District_13,AMERIND,0,NO_HS_GRAD
EDU,District_13,AMERIND,0,HS_GRAD
EDU,District_13,AMERIND,0,SOME_COLL
EDU,District_13,AMERIND,26,COLL_BACH_OR_GREATER
EDU,District_13,ASIAN,402,ALL
EDU,District_13,ASIAN,58,NO_HS_GRAD
EDU,District_13,ASIAN,123,HS_GRAD
EDU,District_13,ASIAN,101,SOME_COLL
EDU,District_13,ASIAN,120,COLL_BACH_OR_GREATER
EDU,District_13,PACISL,0,ALL
EDU,District_13,PACISL,0,NO_HS_GRAD
EDU,District_13,PACISL,0,HS_GRAD
EDU,District_13,PACISL,0,SOME_COLL
EDU,District_13,PACISL,0,COLL_BACH_OR_GREATER
EDU,District_13,OTHER,729,ALL
EDU,District_13,OTHER,546,NO_HS_GRAD
EDU,District_13,OTHER,119,HS_GRAD
EDU,District_13,OTHER,51,SOME_COLL
EDU,District_13,OTHER,13,COLL_BACH_OR_GREATER
EDU,District_13,MIXED,155,ALL
EDU,District_13,MIXED,26,NO_HS_GRAD
EDU,District_13,MIXED,26,HS_GRAD
EDU,District_13,MIXED,53,SOME_COLL
EDU,District_13,MIXED,50,COLL_BACH_OR_GREATER
EDU,District_14,WHITE,10550,ALL
EDU,District_14,WHITE,1295,NO_HS_GRAD
EDU,District_14,WHITE,3319,HS_GRAD
EDU,District_14,WHITE,3323,SOME_COLL
EDU,District_14,WHITE,2613,COLL_BACH_OR_GREATER
EDU,District_14,AFAM,1563,ALL
EDU,District_14,AFAM,212,NO_HS_GRAD
EDU,District_14,AFAM,420,HS_GRAD
EDU,District_14,AFAM,541,SOME_COLL
EDU,District_14,AFAM,390,COLL_BACH_OR_GREATER
EDU,District_14,AMERIND,60,ALL
EDU,District_14,AMERIND,2,NO_HS_GRAD
EDU,District_14,AMERIND,58,HS_GRAD
EDU,District_14,AMERIND,0,SOME_COLL
EDU,District_14,AMERIND,0,COLL_BACH_OR_GREATER
EDU,District_14,ASIAN,288,ALL
EDU,District_14,ASIAN,0,NO_HS_GRAD
EDU,District_14,ASIAN,25,HS_GRAD
EDU,District_14,ASIAN,56,SOME_COLL
EDU,District_14,ASIAN,207,COLL_BACH_OR_GREATER
EDU,District_14,PACISL,0,ALL
EDU,District_14,PACISL,0,NO_HS_GRAD
EDU,District_14,PACISL,0,HS_GRAD
EDU,District_14,PACISL,0,SOME_COLL
EDU,District_14,PACISL,0,COLL_BACH_OR_GREATER
EDU,District_14,OTHER,279,ALL
EDU,District_14,OTHER,169,NO_HS_GRAD
EDU,District_14,OTHER,65,HS_GRAD
EDU,District_14,OTHER,20,SOME_COLL
EDU,District_14,OTHER,25,COLL_BACH_OR_GREATER
EDU,District_14,MIXED,100,ALL
EDU,District_14,MIXED,25,NO_HS_GRAD
EDU,District_14,MIXED,0,HS_GRAD
EDU,District_14,MIXED,50,SOME_COLL
EDU,District_14,MIXED,25,COLL_BACH_OR_GREATER
EDU,District_15,WHITE,10168,ALL
EDU,District_15,WHITE,1119,NO_HS_GRAD
EDU,District_15,WHITE,3120,HS_GRAD
EDU,District_15,WHITE,2907,SOME_COLL
EDU,District_15,WHITE,3022,COLL_BACH_OR_GREATER
EDU,District_15,AFAM,1299,ALL
EDU,District_15,AFAM,160,NO_HS_GRAD
EDU,District_15,AFAM,461,HS_GRAD
EDU,District_15,AFAM,388,SOME_COLL
EDU,District_15,AFAM,290,COLL_BACH_OR_GREATER
EDU,District_15,AMERIND,12,ALL
EDU,District_15,AMERIND,12,NO_HS_GRAD
EDU,District_15,AMERIND,0,HS_GRAD
EDU,District_15,AMERIND,0,SOME_COLL
EDU,District_15,AMERIND,0,COLL_BACH_OR_GREATER
EDU,District_15,ASIAN,678,ALL
EDU,District_15,ASIAN,153,NO_HS_GRAD
EDU,District_15,ASIAN,208,HS_GRAD
EDU,District_15,ASIAN,79,SOME_COLL
EDU,District_15,ASIAN,238,COLL_BACH_OR_GREATER
EDU,District_15,PACISL,0,ALL
EDU,District_15,PACISL,0,NO_HS_GRAD
EDU,District_15,PACISL,0,HS_GRAD
EDU,District_15,PACISL,0,SOME_COLL
EDU,District_15,PACISL,0,COLL_BACH_OR_GREATER
EDU,District_15,OTHER,269,ALL
EDU,District_15,OTHER,152,NO_HS_GRAD
EDU,District_15,OTHER,38,HS_GRAD
EDU,District_15,OTHER,65,SOME_COLL
EDU,District_15,OTHER,14,COLL_BACH_OR_GREATER
EDU,District_15,MIXED,367,ALL
EDU,District_15,MIXED,15,NO_HS_GRAD
EDU,District_15,MIXED,45,HS_GRAD
EDU,District_15,MIXED,21,SOME_COLL
EDU,District_15,MIXED,286,COLL_BACH_OR_GREATER
EDU,District_16,WHITE,7734,ALL
EDU,District_16,WHITE,1889,NO_HS_GRAD
EDU,District_16,WHITE,2335,HS_GRAD
EDU,District_16,WHITE,2019,SOME_COLL
EDU,District_16,WHITE,1491,COLL_BACH_OR_GREATER
EDU,District_16,AFAM,1934,ALL
EDU,District_16,AFAM,435,NO_HS_GRAD
EDU,District_16,AFAM,554,HS_GRAD
EDU,District_16,AFAM,671,SOME_COLL
EDU,District_16,AFAM,274,COLL_BACH_OR_GREATER
EDU,District_16,AMERIND,23,ALL
EDU,District_16,AMERIND,12,NO_HS_GRAD
EDU,District_16,AMERIND,0,HS_GRAD
EDU,District_16,AMERIND,11,SOME_COLL
EDU,District_16,AMERIND,0,COLL_BACH_OR_GREATER
EDU,District_16,ASIAN,672,ALL
EDU,District_16,ASIAN,377,NO_HS_GRAD
EDU,District_16,ASIAN,171,HS_GRAD
EDU,District_16,ASIAN,124,SOME_COLL
EDU,District_16,ASIAN,0,COLL_BACH_OR_GREATER
EDU,District_16,PACISL,0,ALL
EDU,District_16,PACISL,0,NO_HS_GRAD
EDU,District_16,PACISL,0,HS_GRAD
EDU,District_16,PACISL,0,SOME_COLL
EDU,District_16,PACISL,0,COLL_BACH_OR_GREATER
EDU,District_16,OTHER,1133,ALL
EDU,District_16,OTHER,520,NO_HS_GRAD
EDU,District_16,OTHER,507,HS_GRAD
EDU,District_16,OTHER,80,SOME_COLL
EDU,District_16,OTHER,26,COLL_BACH_OR_GREATER
EDU,District_16,MIXED,152,ALL
EDU,District_16,MIXED,48,NO_HS_GRAD
EDU,District_16,MIXED,6,HS_GRAD
EDU,District_16,MIXED,69,SOME_COLL
EDU,District_16,MIXED,29,COLL_BACH_OR_GREATER
EDU,District_17,WHITE,4505,ALL
EDU,District_17,WHITE,682,NO_HS_GRAD
EDU,District_17,WHITE,804,HS_GRAD
EDU,District_17,WHITE,1018,SOME_COLL
EDU,District_17,WHITE,2001,COLL_BACH_OR_GREATER
EDU,District_17,AFAM,4328,ALL
EDU,District_17,AFAM,1479,NO_HS_GRAD
EDU,District_17,AFAM,1518,HS_GRAD
EDU,District_17,AFAM,982,SOME_COLL
EDU,District_17,AFAM,349,COLL_BACH_OR_GREATER
EDU,District_17,AMERIND,11,ALL
EDU,District_17,AMERIND,11,NO_HS_GRAD
EDU,District_17,AMERIND,0,HS_GRAD
EDU,District_17,AMERIND,0,SOME_COLL
EDU,District_17,AMERIND,0,COLL_BACH_OR_GREATER
EDU,District_17,ASIAN,142,ALL
EDU,District_17,ASIAN,38,NO_HS_GRAD
EDU,District_17,ASIAN,36,HS_GRAD
EDU,District_17,ASIAN,19,SOME_COLL
EDU,District_17,ASIAN,49,COLL_BACH_OR_GREATER
EDU,District_17,PACISL,0,ALL
EDU,District_17,PACISL,0,NO_HS_GRAD
EDU,District_17,PACISL,0,HS_GRAD
EDU,District_17,PACISL,0,SOME_COLL
EDU,District_17,PACISL,0,COLL_BACH_OR_GREATER
EDU,District_17,OTHER,39,ALL
EDU,District_17,OTHER,19,NO_HS_GRAD
EDU,District_17,OTHER,5,HS_GRAD
EDU,District_17,OTHER,15,SOME_COLL
EDU,District_17,OTHER,0,COLL_BACH_OR_GREATER
EDU,District_17,MIXED,100,ALL
EDU,District_17,MIXED,35,NO_HS_GRAD
EDU,District_17,MIXED,0,HS_GRAD
EDU,District_17,MIXED,8,SOME_COLL
EDU,District_17,MIXED,57,COLL_BACH_OR_GREATER
EDU,District_18,WHITE,6087,ALL
EDU,District_18,WHITE,166,NO_HS_GRAD
EDU,District_18,WHITE,481,HS_GRAD
EDU,District_18,WHITE,717,SOME_COLL
EDU,District_18,WHITE,4723,COLL_BACH_OR_GREATER
EDU,District_18,AFAM,616,ALL
EDU,District_18,AFAM,122,NO_HS_GRAD
EDU,District_18,AFAM,183,HS_GRAD
EDU,District_18,AFAM,175,SOME_COLL
EDU,District_18,AFAM,136,COLL_BACH_OR_GREATER
EDU,District_18,AMERIND,15,ALL
EDU,District_18,AMERIND,0,NO_HS_GRAD
EDU,District_18,AMERIND,0,HS_GRAD
EDU,District_18,AMERIND,0,SOME_COLL
EDU,District_18,AMERIND,15,COLL_BACH_OR_GREATER
EDU,District_18,ASIAN,419,ALL
EDU,District_18,ASIAN,15,NO_HS_GRAD
EDU,District_18,ASIAN,0,HS_GRAD
EDU,District_18,ASIAN,13,SOME_COLL
EDU,District_18,ASIAN,391,COLL_BACH_OR_GREATER
EDU,District_18,PACISL,0,ALL
EDU,District_18,PACISL,0,NO_HS_GRAD
EDU,District_18,PACISL,0,HS_GRAD
EDU,District_18,PACISL,0,SOME_COLL
EDU,District_18,PACISL,0,COLL_BACH_OR_GREATER
EDU,District_18,OTHER,24,ALL
EDU,District_18,OTHER,1,NO_HS_GRAD
EDU,District_18,OTHER,0,HS_GRAD
EDU,District_18,OTHER,0,SOME_COLL
EDU,District_18,OTHER,23,COLL_BACH_OR_GREATER
EDU,District_18,MIXED,64,ALL
EDU,District_18,MIXED,0,NO_HS_GRAD
EDU,District_18,MIXED,0,HS_GRAD
EDU,District_18,MIXED,39,SOME_COLL
EDU,District_18,MIXED,25,COLL_BACH_OR_GREATER
EDU,District_19,WHITE,3179,ALL
EDU,District_19,WHITE,228,NO_HS_GRAD
EDU,District_19,WHITE,306,HS_GRAD
EDU,District_19,WHITE,697,SOME_COLL
EDU,District_19,WHITE,1948,COLL_BACH_OR_GREATER
EDU,District_19,AFAM,5393,ALL
EDU,District_19,AFAM,1623,NO_HS_GRAD
EDU,District_19,AFAM,1971,HS_GRAD
EDU,District_19,AFAM,1230,SOME_COLL
EDU,District_19,AFAM,569,COLL_BACH_OR_GREATER
EDU,District_19,AMERIND,10,ALL
EDU,District_19,AMERIND,0,NO_HS_GRAD
EDU,District_19,AMERIND,0,HS_GRAD
EDU,District_19,AMERIND,0,SOME_COLL
EDU,District_19,AMERIND,10,COLL_BACH_OR_GREATER
EDU,District_19,ASIAN,441,ALL
EDU,District_19,ASIAN,49,NO_HS_GRAD
EDU,District_19,ASIAN,34,HS_GRAD
EDU,District_19,ASIAN,68,SOME_COLL
EDU,District_19,ASIAN,290,COLL_BACH_OR_GREATER
EDU,District_19,PACISL,0,ALL
EDU,District_19,PACISL,0,NO_HS_GRAD
EDU,District_19,PACISL,0,HS_GRAD
EDU,District_19,PACISL,0,SOME_COLL
EDU,District_19,PACISL,0,COLL_BACH_OR_GREATER
EDU,District_19,OTHER,150,ALL
EDU,District_19,OTHER,63,NO_HS_GRAD
EDU,District_19,OTHER,21,HS_GRAD
EDU,District_19,OTHER,38,SOME_COLL
EDU,District_19,OTHER,28,COLL_BACH_OR_GREATER
EDU,District_19,MIXED,126,ALL
EDU,District_19,MIXED,5,NO_HS_GRAD
EDU,District_19,MIXED,6,HS_GRAD
EDU,District_19,MIXED,75,SOME_COLL
EDU,District_19,MIXED,40,COLL_BACH_OR_GREATER
EDU,District_20,WHITE,8328,ALL
EDU,District_20,WHITE,2018,NO_HS_GRAD
EDU,District_20,WHITE,2739,HS_GRAD
EDU,District_20,WHITE,2089,SOME_COLL
EDU,District_20,WHITE,1482,COLL_BACH_OR_GREATER
EDU,District_20,AFAM,1903,ALL
EDU,District_20,AFAM,649,NO_HS_GRAD
EDU,District_20,AFAM,667,HS_GRAD
EDU,District_20,AFAM,424,SOME_COLL
EDU,District_20,AFAM,163,COLL_BACH_OR_GREATER
EDU,District_20,AMERIND,9,ALL
EDU,District_20,AMERIND,2,NO_HS_GRAD
EDU,District_20,AMERIND,7,HS_GRAD
EDU,District_20,AMERIND,0,SOME_COLL
EDU,District_20,AMERIND,0,COLL_BACH_OR_GREATER
EDU,District_20,ASIAN,528,ALL
EDU,District_20,ASIAN,199,NO_HS_GRAD
EDU,District_20,ASIAN,123,HS_GRAD
EDU,District_20,ASIAN,44,SOME_COLL
EDU,District_20,ASIAN,162,COLL_BACH_OR_GREATER
EDU,District_20,PACISL,11,ALL
EDU,District_20,PACISL,0,NO_HS_GRAD
EDU,District_20,PACISL,0,HS_GRAD
EDU,District_20,PACISL,0,SOME_COLL
EDU,District_20,PACISL,11,COLL_BACH_OR_GREATER
EDU,District_20,OTHER,170,ALL
EDU,District_20,OTHER,100,NO_HS_GRAD
EDU,District_20,OTHER,53,HS_GRAD
EDU,District_20,OTHER,0,SOME_COLL
EDU,District_20,OTHER,17,COLL_BACH_OR_GREATER
EDU,District_20,MIXED,60,ALL
EDU,District_20,MIXED,21,NO_HS_GRAD
EDU,District_20,MIXED,10,HS_GRAD
EDU,District_20,MIXED,18,SOME_COLL
EDU,District_20,MIXED,11,COLL_BACH_OR_GREATER
EDU,District_21,WHITE,1768,ALL
EDU,District_21,WHITE,237,NO_HS_GRAD
EDU,District_21,WHITE,266,HS_GRAD
EDU,District_21,WHITE,347,SOME_COLL
EDU,District_21,WHITE,918,COLL_BACH_OR_GREATER
EDU,District_21,AFAM,5365,ALL
EDU,District_21,AFAM,1266,NO_HS_GRAD
EDU,District_21,AFAM,1705,HS_GRAD
EDU,District_21,AFAM,1733,SOME_COLL
EDU,District_21,AFAM,661,COLL_BACH_OR_GREATER
EDU,District_21,AMERIND,0,ALL
EDU,District_21,AMERIND,0,NO_HS_GRAD
EDU,District_21,AMERIND,0,HS_GRAD
EDU,District_21,AMERIND,0,SOME_COLL
EDU,District_21,AMERIND,0,COLL_BACH_OR_GREATER
EDU,District_21,ASIAN,245,ALL
EDU,District_21,ASIAN,0,NO_HS_GRAD
EDU,District_21,ASIAN,57,HS_GRAD
EDU,District_21,ASIAN,0,SOME_COLL
EDU,District_21,ASIAN,188,COLL_BACH_OR_GREATER
EDU,District_21,PACISL,75,ALL
EDU,District_21,PACISL,75,NO_HS_GRAD
EDU,District_21,PACISL,0,HS_GRAD
EDU,District_21,PACISL,0,SOME_COLL
EDU,District_21,PACISL,0,COLL_BACH_OR_GREATER
EDU,District_21,OTHER,0,ALL
EDU,District_21,OTHER,0,NO_HS_GRAD
EDU,District_21,OTHER,0,HS_GRAD
EDU,District_21,OTHER,0,SOME_COLL
EDU,District_21,OTHER,0,COLL_BACH_OR_GREATER
EDU,District_21,MIXED,75,ALL
EDU,District_21,MIXED,0,NO_HS_GRAD
EDU,District_21,MIXED,38,HS_GRAD
EDU,District_21,MIXED,27,SOME_COLL
EDU,District_21,MIXED,10,COLL_BACH_OR_GREATER
EDU,District_22,WHITE,11558,ALL
EDU,District_22,WHITE,892,NO_HS_GRAD
EDU,District_22,WHITE,2240,HS_GRAD
EDU,District_22,WHITE,3517,SOME_COLL
EDU,District_22,WHITE,4909,COLL_BACH_OR_GREATER
EDU,District_22,AFAM,888,ALL
EDU,District_22,AFAM,0,NO_HS_GRAD
EDU,District_22,AFAM,138,HS_GRAD
EDU,District_22,AFAM,204,SOME_COLL
EDU,District_22,AFAM,546,COLL_BACH_OR_GREATER
EDU,District_22,AMERIND,0,ALL
EDU,District_22,AMERIND,0,NO_HS_GRAD
EDU,District_22,AMERIND,0,HS_GRAD
EDU,District_22,AMERIND,0,SOME_COLL
EDU,District_22,AMERIND,0,COLL_BACH_OR_GREATER
EDU,District_22,ASIAN,814,ALL
EDU,District_22,ASIAN,143,NO_HS_GRAD
EDU,District_22,ASIAN,77,HS_GRAD
EDU,District_22,ASIAN,101,SOME_COLL
EDU,District_22,ASIAN,493,COLL_BACH_OR_GREATER
EDU,District_22,PACISL,0,ALL
EDU,District_22,PACISL,0,NO_HS_GRAD
EDU,District_22,PACISL,0,HS_GRAD
EDU,District_22,PACISL,0,SOME_COLL
EDU,District_22,PACISL,0,COLL_BACH_OR_GREATER
EDU,District_22,OTHER,109,ALL
EDU,District_22,OTHER,0,NO_HS_GRAD
EDU,District_22,OTHER,109,HS_GRAD
EDU,District_22,OTHER,0,SOME_COLL
EDU,District_22,OTHER,0,COLL_BACH_OR_GREATER
EDU,District_22,MIXED,83,ALL
EDU,District_22,MIXED,0,NO_HS_GRAD
EDU,District_22,MIXED,9,HS_GRAD
EDU,District_22,MIXED,10,SOME_COLL
EDU,District_22,MIXED,64,COLL_BACH_OR_GREATER
EDU,District_23,WHITE,11067,ALL
EDU,District_23,WHITE,309,NO_HS_GRAD
EDU,District_23,WHITE,970,HS_GRAD
EDU,District_23,WHITE,2313,SOME_COLL
EDU,District_23,WHITE,7475,COLL_BACH_OR_GREATER
EDU,District_23,AFAM,672,ALL
EDU,District_23,AFAM,6,NO_HS_GRAD
EDU,District_23,AFAM,123,HS_GRAD
EDU,District_23,AFAM,65,SOME_COLL
EDU,District_23,AFAM,478,COLL_BACH_OR_GREATER
EDU,District_23,AMERIND,11,ALL
EDU,District_23,AMERIND,7,NO_HS_GRAD
EDU,District_23,AMERIND,0,HS_GRAD
EDU,District_23,AMERIND,0,SOME_COLL
EDU,District_23,AMERIND,4,COLL_BACH_OR_GREATER
EDU,District_23,ASIAN,358,ALL
EDU,District_23,ASIAN,14,NO_HS_GRAD
EDU,District_23,ASIAN,47,HS_GRAD
EDU,District_23,ASIAN,170,SOME_COLL
EDU,District_23,ASIAN,127,COLL_BACH_OR_GREATER
EDU,District_23,PACISL,0,ALL
EDU,District_23,PACISL,0,NO_HS_GRAD
EDU,District_23,PACISL,0,HS_GRAD
EDU,District_23,PACISL,0,SOME_COLL
EDU,District_23,PACISL,0,COLL_BACH_OR_GREATER
EDU,District_23,OTHER,14,ALL
EDU,District_23,OTHER,0,NO_HS_GRAD
EDU,District_23,OTHER,14,HS_GRAD
EDU,District_23,OTHER,0,SOME_COLL
EDU,District_23,OTHER,0,COLL_BACH_OR_GREATER
EDU,District_23,MIXED,87,ALL
EDU,District_23,MIXED,27,NO_HS_GRAD
EDU,District_23,MIXED,0,HS_GRAD
EDU,District_23,MIXED,42,SOME_COLL
EDU,District_23,MIXED,18,COLL_BACH_OR_GREATER
EDU,District_24,WHITE,10079,ALL
EDU,District_24,WHITE,455,NO_HS_GRAD
EDU,District_24,WHITE,1199,HS_GRAD
EDU,District_24,WHITE,2032,SOME_COLL
EDU,District_24,WHITE,6393,COLL_BACH_OR_GREATER
EDU,District_24,AFAM,679,ALL
EDU,District_24,AFAM,86,NO_HS_GRAD
EDU,District_24,AFAM,207,HS_GRAD
EDU,District_24,AFAM,134,SOME_COLL
EDU,District_24,AFAM,252,COLL_BACH_OR_GREATER
EDU,District_24,AMERIND,62,ALL
EDU,District_24,AMERIND,0,NO_HS_GRAD
EDU,District_24,AMERIND,0,HS_GRAD
EDU,District_24,AMERIND,0,SOME_COLL
EDU,District_24,AMERIND,62,COLL_BACH_OR_GREATER
EDU,District_24,ASIAN,554,ALL
EDU,District_24,ASIAN,0,NO_HS_GRAD
EDU,District_24,ASIAN,32,HS_GRAD
EDU,District_24,ASIAN,58,SOME_COLL
EDU,District_24,ASIAN,464,COLL_BACH_OR_GREATER
EDU,District_24,PACISL,0,ALL
EDU,District_24,PACISL,0,NO_HS_GRAD
EDU,District_24,PACISL,0,HS_GRAD
EDU,District_24,PACISL,0,SOME_COLL
EDU,District_24,PACISL,0,COLL_BACH_OR_GREATER
EDU,District_24,OTHER,302,ALL
EDU,District_24,OTHER,267,NO_HS_GRAD
EDU,District_24,OTHER,35,HS_GRAD
EDU,District_24,OTHER,0,SOME_COLL
EDU,District_24,OTHER,0,COLL_BACH_OR_GREATER
EDU,District_24,MIXED,151,ALL
EDU,District_24,MIXED,20,NO_HS_GRAD
EDU,District_24,MIXED,17,HS_GRAD
EDU,District_24,MIXED,40,SOME_COLL
EDU,District_24,MIXED,74,COLL_BACH_OR_GREATER
EDU,District_25,WHITE,10644,ALL
EDU,District_25,WHITE,147,NO_HS_GRAD
EDU,District_25,WHITE,778,HS_GRAD
EDU,District_25,WHITE,1931,SOME_COLL
EDU,District_25,WHITE,7788,COLL_BACH_OR_GREATER
EDU,District_25,AFAM,467,ALL
EDU,District_25,AFAM,43,NO_HS_GRAD
EDU,District_25,AFAM,131,HS_GRAD
EDU,District_25,AFAM,166,SOME_COLL
EDU,District_25,AFAM,127,COLL_BACH_OR_GREATER
EDU,District_25,AMERIND,67,ALL
EDU,District_25,AMERIND,0,NO_HS_GRAD
EDU,District_25,AMERIND,0,HS_GRAD
EDU,District_25,AMERIND,12,SOME_COLL
EDU,District_25,AMERIND,55,COLL_BACH_OR_GREATER
EDU,District_25,ASIAN,304,ALL
EDU,District_25,ASIAN,0,NO_HS_GRAD
EDU,District_25,ASIAN,0,HS_GRAD
EDU,District_25,ASIAN,44,SOME_COLL
EDU,District_25,ASIAN,260,COLL_BACH_OR_GREATER
EDU,District_25,PACISL,0,ALL
EDU,District_25,PACISL,0,NO_HS_GRAD
EDU,District_25,PACISL,0,HS_GRAD
EDU,District_25,PACISL,0,SOME_COLL
EDU,District_25,PACISL,0,COLL_BACH_OR_GREATER
EDU,District_25,OTHER,20,ALL
EDU,District_25,OTHER,0,NO_HS_GRAD
EDU,District_25,OTHER,0,HS_GRAD
EDU,District_25,OTHER,0,SOME_COLL
EDU,District_25,OTHER,20,COLL_BACH_OR_GREATER
EDU,District_25,MIXED,134,ALL
EDU,District_25,MIXED,0,NO_HS_GRAD
EDU,District_25,MIXED,0,HS_GRAD
EDU,District_25,MIXED,58,SOME_COLL
EDU,District_25,MIXED,76,COLL_BACH_OR_GREATER
EDU,District_26,WHITE,9423,ALL
EDU,District_26,WHITE,1093,NO_HS_GRAD
EDU,District_26,WHITE,2430,HS_GRAD
EDU,District_26,WHITE,1869,SOME_COLL
EDU,District_26,WHITE,4031,COLL_BACH_OR_GREATER
EDU,District_26,AFAM,1797,ALL
EDU,District_26,AFAM,546,NO_HS_GRAD
EDU,District_26,AFAM,383,HS_GRAD
EDU,District_26,AFAM,602,SOME_COLL
EDU,District_26,AFAM,266,COLL_BACH_OR_GREATER
EDU,District_26,AMERIND,78,ALL
EDU,District_26,AMERIND,14,NO_HS_GRAD
EDU,District_26,AMERIND,14,HS_GRAD
EDU,District_26,AMERIND,50,SOME_COLL
EDU,District_26,AMERIND,0,COLL_BACH_OR_GREATER
EDU,District_26,ASIAN,303,ALL
EDU,District_26,ASIAN,79,NO_HS_GRAD
EDU,District_26,ASIAN,42,HS_GRAD
EDU,District_26,ASIAN,91,SOME_COLL
EDU,District_26,ASIAN,91,COLL_BACH_OR_GREATER
EDU,District_26,PACISL,0,ALL
EDU,District_26,PACISL,0,NO_HS_GRAD
EDU,District_26,PACISL,0,HS_GRAD
EDU,District_26,PACISL,0,SOME_COLL
EDU,District_26,PACISL,0,COLL_BACH_OR_GREATER
EDU,District_26,OTHER,550,ALL
EDU,District_26,OTHER,259,NO_HS_GRAD
EDU,District_26,OTHER,130,HS_GRAD
EDU,District_26,OTHER,68,SOME_COLL
EDU,District_26,OTHER,93,COLL_BACH_OR_GREATER
EDU,District_26,MIXED,41,ALL
EDU,District_26,MIXED,0,NO_HS_GRAD
EDU,District_26,MIXED,14,HS_GRAD
EDU,District_26,MIXED,27,SOME_COLL
EDU,District_26,MIXED,0,COLL_BACH_OR_GREATER
EDU,District_27,WHITE,8068,ALL
EDU,District_27,WHITE,734,NO_HS_GRAD
EDU,District_27,WHITE,1988,HS_GRAD
EDU,District_27,WHITE,2184,SOME_COLL
EDU,District_27,WHITE,3162,COLL_BACH_OR_GREATER
EDU,District_27,AFAM,1542,ALL
EDU,District_27,AFAM,235,NO_HS_GRAD
EDU,District_27,AFAM,304,HS_GRAD
EDU,District_27,AFAM,556,SOME_COLL
EDU,District_27,AFAM,447,COLL_BACH_OR_GREATER
EDU,District_27,AMERIND,0,ALL
EDU,District_27,AMERIND,0,NO_HS_GRAD
EDU,District_27,AMERIND,0,HS_GRAD
EDU,District_27,AMERIND,0,SOME_COLL
EDU,District_27,AMERIND,0,COLL_BACH_OR_GREATER
EDU,District_27,ASIAN,351,ALL
EDU,District_27,ASIAN,56,NO_HS_GRAD
EDU,District_27,ASIAN,59,HS_GRAD
EDU,District_27,ASIAN,76,SOME_COLL
EDU,District_27,ASIAN,160,COLL_BACH_OR_GREATER
EDU,District_27,PACISL,0,ALL
EDU,District_27,PACISL,0,NO_HS_GRAD
EDU,District_27,PACISL,0,HS_GRAD
EDU,District_27,PACISL,0,SOME_COLL
EDU,District_27,PACISL,0,COLL_BACH_OR_GREATER
EDU,District_27,OTHER,348,ALL
EDU,District_27,OTHER,277,NO_HS_GRAD
EDU,District_27,OTHER,0,HS_GRAD
EDU,District_27,OTHER,56,SOME_COLL
EDU,District_27,OTHER,15,COLL_BACH_OR_GREATER
EDU,District_27,MIXED,150,ALL
EDU,District_27,MIXED,30,NO_HS_GRAD
EDU,District_27,MIXED,0,HS_GRAD
EDU,District_27,MIXED,74,SOME_COLL
EDU,District_27,MIXED,46,COLL_BACH_OR_GREATER
EDU,District_28,WHITE,5637,ALL
EDU,District_28,WHITE,1120,NO_HS_GRAD
EDU,District_28,WHITE,1952,HS_GRAD
EDU,District_28,WHITE,1450,SOME_COLL
EDU,District_28,WHITE,1115,COLL_BACH_OR_GREATER
EDU,District_28,AFAM,3912,ALL
EDU,District_28,AFAM,817,NO_HS_GRAD
EDU,District_28,AFAM,1259,HS_GRAD
EDU,District_28,AFAM,1014,SOME_COLL
EDU,District_28,AFAM,822,COLL_BACH_OR_GREATER
EDU,District_28,AMERIND,38,ALL
EDU,District_28,AMERIND,0,NO_HS_GRAD
EDU,District_28,AMERIND,38,HS_GRAD
EDU,District_28,AMERIND,0,SOME_COLL
EDU,District_28,AMERIND,0,COLL_BACH_OR_GREATER
EDU,District_28,ASIAN,525,ALL
EDU,District_28,ASIAN,173,NO_HS_GRAD
EDU,District_28,ASIAN,126,HS_GRAD
EDU,District_28,ASIAN,106,SOME_COLL
EDU,District_28,ASIAN,120,COLL_BACH_OR_GREATER
EDU,District_28,PACISL,0,ALL
EDU,District_28,PACISL,0,NO_HS_GRAD
EDU,District_28,PACISL,0,HS_GRAD
EDU,District_28,PACISL,0,SOME_COLL
EDU,District_28,PACISL,0,COLL_BACH_OR_GREATER
EDU,District_28,OTHER,1234,ALL
EDU,District_28,OTHER,660,NO_HS_GRAD
EDU,District_28,OTHER,341,HS_GRAD
EDU,District_28,OTHER,123,SOME_COLL
EDU,District_28,OTHER,110,COLL_BACH_OR_GREATER
EDU,District_28,MIXED,139,ALL
EDU,District_28,MIXED,41,NO_HS_GRAD
EDU,District_28,MIXED,35,HS_GRAD
EDU,District_28,MIXED,42,SOME_COLL
EDU,District_28,MIXED,21,COLL_BACH_OR_GREATER
EDU,District_29,WHITE,7438,ALL
EDU,District_29,WHITE,846,NO_HS_GRAD
EDU,District_29,WHITE,1977,HS_GRAD
EDU,District_29,WHITE,2436,SOME_COLL
EDU,District_29,WHITE,2179,COLL_BACH_OR_GREATER
EDU,District_29,AFAM,3851,ALL
EDU,District_29,AFAM,130,NO_HS_GRAD
EDU,District_29,AFAM,999,HS_GRAD
EDU,District_29,AFAM,1289,SOME_COLL
EDU,District_29,AFAM,1433,COLL_BACH_OR_GREATER
EDU,District_29,AMERIND,0,ALL
EDU,District_29,AMERIND,0,NO_HS_GRAD
EDU,District_29,AMERIND,0,HS_GRAD
EDU,District_29,AMERIND,0,SOME_COLL
EDU,District_29,AMERIND,0,COLL_BACH_OR_GREATER
EDU,District_29,ASIAN,233,ALL
EDU,District_29,ASIAN,99,NO_HS_GRAD
EDU,District_29,ASIAN,91,HS_GRAD
EDU,District_29,ASIAN,14,SOME_COLL
EDU,District_29,ASIAN,29,COLL_BACH_OR_GREATER
EDU,District_29,PACISL,34,ALL
EDU,District_29,PACISL,0,NO_HS_GRAD
EDU,District_29,PACISL,0,HS_GRAD
EDU,District_29,PACISL,34,SOME_COLL
EDU,District_29,PACISL,0,COLL_BACH_OR_GREATER
EDU,District_29,OTHER,497,ALL
EDU,District_29,OTHER,322,NO_HS_GRAD
EDU,District_29,OTHER,160,HS_GRAD
EDU,District_29,OTHER,15,SOME_COLL
EDU,District_29,OTHER,0,COLL_BACH_OR_GREATER
EDU,District_29,MIXED,246,ALL
EDU,District_29,MIXED,0,NO_HS_GRAD
EDU,District_29,MIXED,48,HS_GRAD
EDU,District_29,MIXED,94,SOME_COLL
EDU,District_29,MIXED,104,COLL_BACH_OR_GREATER
EDU,District_30,WHITE,6770,ALL
EDU,District_30,WHITE,1673,NO_HS_GRAD
EDU,District_30,WHITE,2373,HS_GRAD
EDU,District_30,WHITE,1531,SOME_COLL
EDU,District_30,WHITE,1193,COLL_BACH_OR_GREATER
EDU,District_30,AFAM,1854,ALL
EDU,District_30,AFAM,264,NO_HS_GRAD
EDU,District_30,AFAM,598,HS_GRAD
EDU,District_30,AFAM,708,SOME_COLL
EDU,District_30,AFAM,284,COLL_BACH_OR_GREATER
EDU,District_30,AMERIND,10,ALL
EDU,District_30,AMERIND,10,NO_HS_GRAD
EDU,District_30,AMERIND,0,HS_GRAD
EDU,District_30,AMERIND,0,SOME_COLL
EDU,District_30,AMERIND,0,COLL_BACH_OR_GREATER
EDU,District_30,ASIAN,537,ALL
EDU,District_30,ASIAN,226,NO_HS_GRAD
EDU,District_30,ASIAN,92,HS_GRAD
EDU,District_30,ASIAN,147,SOME_COLL
EDU,District_30,ASIAN,72,COLL_BACH_OR_GREATER
EDU,District_30,PACISL,0,ALL
EDU,District_30,PACISL,0,NO_HS_GRAD
EDU,District_30,PACISL,0,HS_GRAD
EDU,District_30,PACISL,0,SOME_COLL
EDU,District_30,PACISL,0,COLL_BACH_OR_GREATER
EDU,District_30,OTHER,1948,ALL
EDU,District_30,OTHER,1091,NO_HS_GRAD
EDU,District_30,OTHER,733,HS_GRAD
EDU,District_30,OTHER,109,SOME_COLL
EDU,District_30,OTHER,15,COLL_BACH_OR_GREATER
EDU,District_30,MIXED,259,ALL
EDU,District_30,MIXED,88,NO_HS_GRAD
EDU,District_30,MIXED,9,HS_GRAD
EDU,District_30,MIXED,144,SOME_COLL
EDU,District_30,MIXED,18,COLL_BACH_OR_GREATER
EDU,District_31,WHITE,16931,ALL
EDU,District_31,WHITE,391,NO_HS_GRAD
EDU,District_31,WHITE,2082,HS_GRAD
EDU,District_31,WHITE,4314,SOME_COLL
EDU,District_31,WHITE,10144,COLL_BACH_OR_GREATER
EDU,District_31,AFAM,2645,ALL
EDU,District_31,AFAM,104,NO_HS_GRAD
EDU,District_31,AFAM,440,HS_GRAD
EDU,District_31,AFAM,728,SOME_COLL
EDU,District_31,AFAM,1373,COLL_BACH_OR_GREATER
EDU,District_31,AMERIND,0,ALL
EDU,District_31,AMERIND,0,NO_HS_GRAD
EDU,District_31,AMERIND,0,HS_GRAD
EDU,District_31,AMERIND,0,SOME_COLL
EDU,District_31,AMERIND,0,COLL_BACH_OR_GREATER
EDU,District_31,ASIAN,999,ALL
EDU,District_31,ASIAN,75,NO_HS_GRAD
EDU,District_31,ASIAN,224,HS_GRAD
EDU,District_31,ASIAN,97,SOME_COLL
EDU,District_31,ASIAN,603,COLL_BACH_OR_GREATER
EDU,District_31,PACISL,0,ALL
EDU,District_31,PACISL,0,NO_HS_GRAD
EDU,District_31,PACISL,0,HS_GRAD
EDU,District_31,PACISL,0,SOME_COLL
EDU,District_31,PACISL,0,COLL_BACH_OR_GREATER
EDU,District_31,OTHER,240,ALL
EDU,District_31,OTHER,71,NO_HS_GRAD
EDU,District_31,OTHER,93,HS_GRAD
EDU,District_31,OTHER,7,SOME_COLL
EDU,District_31,OTHER,69,COLL_BACH_OR_GREATER
EDU,District_31,MIXED,142,ALL
EDU,District_31,MIXED,0,NO_HS_GRAD
EDU,District_31,MIXED,36,HS_GRAD
EDU,District_31,MIXED,55,SOME_COLL
EDU,District_31,MIXED,51,COLL_BACH_OR_GREATER
EDU,District_32,WHITE,8682,ALL
EDU,District_32,WHITE,961,NO_HS_GRAD
EDU,District_32,WHITE,2501,HS_GRAD
EDU,District_32,WHITE,2726,SOME_COLL
EDU,District_32,WHITE,2494,COLL_BACH_OR_GREATER
EDU,District_32,AFAM,5899,ALL
EDU,District_32,AFAM,288,NO_HS_GRAD
EDU,District_32,AFAM,996,HS_GRAD
EDU,District_32,AFAM,2284,SOME_COLL
EDU,District_32,AFAM,2331,COLL_BACH_OR_GREATER
EDU,District_32,AMERIND,10,ALL
EDU,District_32,AMERIND,0,NO_HS_GRAD
EDU,District_32,AMERIND,0,HS_GRAD
EDU,District_32,AMERIND,0,SOME_COLL
EDU,District_32,AMERIND,10,COLL_BACH_OR_GREATER
EDU,District_32,ASIAN,715,ALL
EDU,District_32,ASIAN,65,NO_HS_GRAD
EDU,District_32,ASIAN,147,HS_GRAD
EDU,District_32,ASIAN,194,SOME_COLL
EDU,District_32,ASIAN,309,COLL_BACH_OR_GREATER
EDU,District_32,PACISL,0,ALL
EDU,District_32,PACISL,0,NO_HS_GRAD
EDU,District_32,PACISL,0,HS_GRAD
EDU,District_32,PACISL,0,SOME_COLL
EDU,District_32,PACISL,0,COLL_BACH_OR_GREATER
EDU,District_32,OTHER,650,ALL
EDU,District_32,OTHER,272,NO_HS_GRAD
EDU,District_32,OTHER,212,HS_GRAD
EDU,District_32,OTHER,166,SOME_COLL
EDU,District_32,OTHER,0,COLL_BACH_OR_GREATER
EDU,District_32,MIXED,219,ALL
EDU,District_32,MIXED,32,NO_HS_GRAD
EDU,District_32,MIXED,87,HS_GRAD
EDU,District_32,MIXED,25,SOME_COLL
EDU,District_32,MIXED,75,COLL_BACH_OR_GREATER
EDU,District_33,WHITE,7298,ALL
EDU,District_33,WHITE,551,NO_HS_GRAD
EDU,District_33,WHITE,1795,HS_GRAD
EDU,District_33,WHITE,2561,SOME_COLL
EDU,District_33,WHITE,2391,COLL_BACH_OR_GREATER
EDU,District_33,AFAM,5612,ALL
EDU,District_33,AFAM,344,NO_HS_GRAD
EDU,District_33,AFAM,1083,HS_GRAD
EDU,District_33,AFAM,2184,SOME_COLL
EDU,District_33,AFAM,2001,COLL_BACH_OR_GREATER
EDU,District_33,AMERIND,58,ALL
EDU,District_33,AMERIND,0,NO_HS_GRAD
EDU,District_33,AMERIND,0,HS_GRAD
EDU,District_33,AMERIND,58,SOME_COLL
EDU,District_33,AMERIND,0,COLL_BACH_OR_GREATER
EDU,District_33,ASIAN,530,ALL
EDU,District_33,ASIAN,76,NO_HS_GRAD
EDU,District_33,ASIAN,176,HS_GRAD
EDU,District_33,ASIAN,109,SOME_COLL
EDU,District_33,ASIAN,169,COLL_BACH_OR_GREATER
EDU,District_33,PACISL,0,ALL
EDU,District_33,PACISL,0,NO_HS_GRAD
EDU,District_33,PACISL,0,HS_GRAD
EDU,District_33,PACISL,0,SOME_COLL
EDU,District_33,PACISL,0,COLL_BACH_OR_GREATER
EDU,District_33,OTHER,806,ALL
EDU,District_33,OTHER,505,NO_HS_GRAD
EDU,District_33,OTHER,203,HS_GRAD
EDU,District_33,OTHER,98,SOME_COLL
EDU,District_33,OTHER,0,COLL_BACH_OR_GREATER
EDU,District_33,MIXED,335,ALL
EDU,District_33,MIXED,45,NO_HS_GRAD
EDU,District_33,MIXED,47,HS_GRAD
EDU,District_33,MIXED,170,SOME_COLL
EDU,District_33,MIXED,73,COLL_BACH_OR_GREATER
EDU,District_34,WHITE,12096,ALL
EDU,District_34,WHITE,249,NO_HS_GRAD
EDU,District_34,WHITE,934,HS_GRAD
EDU,District_34,WHITE,2198,SOME_COLL
EDU,District_34,WHITE,8715,COLL_BACH_OR_GREATER
EDU,District_34,AFAM,136,ALL
EDU,District_34,AFAM,0,NO_HS_GRAD
EDU,District_34,AFAM,16,HS_GRAD
EDU,District_34,AFAM,40,SOME_COLL
EDU,District_34,AFAM,80,COLL_BACH_OR_GREATER
EDU,District_34,AMERIND,7,ALL
EDU,District_34,AMERIND,0,NO_HS_GRAD
EDU,District_34,AMERIND,0,HS_GRAD
EDU,District_34,AMERIND,0,SOME_COLL
EDU,District_34,AMERIND,7,COLL_BACH_OR_GREATER
EDU,District_34,ASIAN,205,ALL
EDU,District_34,ASIAN,0,NO_HS_GRAD
EDU,District_34,ASIAN,10,HS_GRAD
EDU,District_34,ASIAN,21,SOME_COLL
EDU,District_34,ASIAN,174,COLL_BACH_OR_GREATER
EDU,District_34,PACISL,0,ALL
EDU,District_34,PACISL,0,NO_HS_GRAD
EDU,District_34,PACISL,0,HS_GRAD
EDU,District_34,PACISL,0,SOME_COLL
EDU,District_34,PACISL,0,COLL_BACH_OR_GREATER
EDU,District_34,OTHER,16,ALL
EDU,District_34,OTHER,16,NO_HS_GRAD
EDU,District_34,OTHER,0,HS_GRAD
EDU,District_34,OTHER,0,SOME_COLL
EDU,District_34,OTHER,0,COLL_BACH_OR_GREATER
EDU,District_34,MIXED,52,ALL
EDU,District_34,MIXED,0,NO_HS_GRAD
EDU,District_34,MIXED,0,HS_GRAD
EDU,District_34,MIXED,0,SOME_COLL
EDU,District_34,MIXED,52,COLL_BACH_OR_GREATER
EDU,District_35,WHITE,12128,ALL
EDU,District_35,WHITE,436,NO_HS_GRAD
EDU,District_35,WHITE,1961,HS_GRAD
EDU,District_35,WHITE,3074,SOME_COLL
EDU,District_35,WHITE,6657,COLL_BACH_OR_GREATER
EDU,District_35,AFAM,479,ALL
EDU,District_35,AFAM,0,NO_HS_GRAD
EDU,District_35,AFAM,4,HS_GRAD
EDU,District_35,AFAM,230,SOME_COLL
EDU,District_35,AFAM,245,COLL_BACH_OR_GREATER
EDU,District_35,AMERIND,19,ALL
EDU,District_35,AMERIND,7,NO_HS_GRAD
EDU,District_35,AMERIND,0,HS_GRAD
EDU,District_35,AMERIND,0,SOME_COLL
EDU,District_35,AMERIND,12,COLL_BACH_OR_GREATER
EDU,District_35,ASIAN,616,ALL
EDU,District_35,ASIAN,23,NO_HS_GRAD
EDU,District_35,ASIAN,93,HS_GRAD
EDU,District_35,ASIAN,32,SOME_COLL
EDU,District_35,ASIAN,468,COLL_BACH_OR_GREATER
EDU,District_35,PACISL,0,ALL
EDU,District_35,PACISL,0,NO_HS_GRAD
EDU,District_35,PACISL,0,HS_GRAD
EDU,District_35,PACISL,0,SOME_COLL
EDU,District_35,PACISL,0,COLL_BACH_OR_GREATER
EDU,District_35,OTHER,54,ALL
EDU,District_35,OTHER,12,NO_HS_GRAD
EDU,District_35,OTHER,16,HS_GRAD
EDU,District_35,OTHER,26,SOME_COLL
EDU,District_35,OTHER,0,COLL_BACH_OR_GREATER
EDU,District_35,MIXED,73,ALL
EDU,District_35,MIXED,0,NO_HS_GRAD
EDU,District_35,MIXED,18,HS_GRAD
EDU,District_35,MIXED,33,SOME_COLL
EDU,District_35,MIXED,22,COLL_BACH_OR_GREATER
